{"cameraMode":{"drawMode":0,"name":"Shaded","section":"Shading Mode"},"sceneLighting":false,"audioPlay":false,"sceneViewState":{"showFog":true,"showMaterialUpdate":false,"showSkybox":true,"showFlares":true,"showImageEffects":true,"showParticleSystems":true},"in2DMode":false,"pivot":{"x":37.48312759399414,"y":4.262008190155029,"z":8.1142578125},"rotation":{"x":-0.01961582712829113,"y":-0.2186736911535263,"z":-0.004384941887110472,"w":0.9755910634994507},"size":8.043159484863282,"orthographic":true}