{"cameraMode":{"drawMode":0,"name":"Shaded","section":"Shading Mode"},"sceneLighting":false,"audioPlay":false,"sceneViewState":{"showFog":true,"showMaterialUpdate":false,"showSkybox":true,"showFlares":true,"showImageEffects":true,"showParticleSystems":true},"in2DMode":false,"pivot":{"x":-1.7563858032226563,"y":-3.016376495361328,"z":1.7594146728515626},"rotation":{"x":-0.07120584696531296,"y":0.9242480993270874,"z":-0.213298499584198,"w":-0.3085433840751648},"size":37.41983413696289,"orthographic":false}